REGIONE,CODICE REGIONE,PROVINCIA,CODICE AZIENDA,CODICE STRUTTURA,DENOMINAZIONE STRUTTURA,DENOMINAZIONE COMUNE,PARTITA IVA,CODICE COMUNE,INDIRIZZO,CAP,TELEFONO,NUMERO FAX,SITO WEB,E-MAIL,TIPO STRUTTURA,TIPO IRCCS/A.O. UNIV. E POLICLINICO,TIPO CASA DI CURA,DIPARTIMENTO EMERGENZA,CENTRO TRASFUSIONALE,SERVIZIO RIANIMAZIONE,DIAGNOSTICA PER IMMAGINI,RADIOTERAPIA,ONCOLOGIA MEDICA,SERVIZIO DIALISI,PRONTO SOCCORSO,SALE OPERATORIE,POSTI CAMERE IPERBARICHE,INCUBATRICI,AMBULANZE TIPO A,AMBULANZE TIPO A CON MEDICO,AMBULANZE TIPO B,AMBULANZE PEDIATRICHE,AMBULANZE TRASP. EMERGENZA NEONATO,UNITÀ MOBILI RIANIMAZIONE,ANNO APERTURA,APPARECCHIATURE TECNICO BIOMEDICHE,ATTIVITÀ RIABILITAZIONE,CULLE,DATA AGGIORNAMENTO
Sicilia,190,,201,190301,P.O. S. GIOVANNI DI DIO,,02570930848,084001,C/DA CONSOLIDA,92100,0922442111,0922591246,www.aspag.it,poagrigento.direttore@aspag.it,01,,,,X,X,X,X,X,X,X,5,0,17,0,0,2,0,0,1,,X,,24,20180130
Sicilia,190,,201,190302,P.O. BARONE LOMBARDO - CANICATTI',,02570930848,084011,CONTRADA GIARRE,92024,0922733111,0922733359,www.aspag.it,pocanicatti.direttore@aspag.it,01,,,1,X,X,X,,X,,X,2,0,1,0,0,0,0,0,3,,X,,15,20180124
Sicilia,190,,201,190303,P.O. S. GIACOMO D'ALTOPASSO LICATA,,02570930848,084021,C/DA CANNAVECCHIA,92027,0922869111,,www.aspag.it,policata.direttore@aspag.it,01,,,,,,X,,,,X,3,0,2,1,0,1,0,0,1,,X,,5,20180130
Sicilia,190,,201,190304,P.O. F.LLI PARLAPIANO - RIBERA,,02570930848,084033,VIA CIRCONVALLAZIONE,92016,0925562111,0925562309,www.aspag.it,poribera.direttore@aspag.it,01,,,,,,X,,,,X,2,0,0,0,0,1,0,0,1,,X,,0,20180111
Sicilia,190,,201,190305,P.O. GIOVANNI PAOLO II,,02570930848,084041,VIA POMPEI - C. DA SENIAZZA,92019,0925962111,,www.aspag.it,posciacca.direttore@aspag.it,01,,,,X,X,X,,X,X,X,6,5,3,1,0,2,0,0,0,,X,,12,20180131
Sicilia,190,,201,190503,CASA DI SALUTE IGNAZIO ATTARDI S.P.A.,,00213650849,084040,VIA NAZIONALE 16,92020,0922989446,0922989446,,clinicaattardi@tiscali.it,05,,1,,,,,,,,,2,0,2,0,0,0,0,0,0,1976,X,,15,20180126
Sicilia,190,,201,190504,SIA CASA DI CURA S. ANNA S.P.A.,,00137210845,084001,VIA PORTA AUREA,92100,0922409111,0922409310,,siaccsanna@libero.it,05,,1,,,,X,,,,,4,0,0,0,0,0,0,0,0,1981,X,,0,20180125
Sicilia,190,,202,190306,P.O. Sant'Elia (ex AO),,01825570854,085004,Via Luigi Russo n°6,93100,0934559111,0934559644,www.santelia.it,dirsan.posant'elia@asp.cl.it,01,,,2,X,X,X,,X,X,X,11,0,6,0,0,0,0,1,2,,X,,6,20180104
Sicilia,190,,202,190307,P.O. M. IMMACOLATA LONGO,,01825570854,085012,Via Dogliotti sn,93014,0934962211,0934962219,,dirsan.pomussomeli@asp.cl.it,01,,,,,X,X,,,X,X,2,0,0,2,0,0,0,0,1,,X,,0,20180201
Sicilia,190,,202,190308,P.O.MADDALENA RAIMONDI,,01825570854,085016,Via Forlanini 5,93017,0934512229,0934586042,,dirsan.posancataldo@asp.cl.it,01,,,,,,X,X,,,,0,0,0,0,0,0,0,0,0,,X,,0,20180201
Sicilia,190,,202,190309,P.O. VITTORIO EMANUELE (ex AO),,01825570854,085007,Via Palazzi 173,83012,0933831111,0933831465,www.ospedalegela.it,direttore.sil@ospedalegela.it,01,,,1,X,X,X,X,X,X,X,5,0,2,0,0,0,0,0,2,,X,,12,20180201
Sicilia,190,,202,190310,P.O. SANTO STEFANO,,01825570854,085009,Via Dante n°2,93013,0934300211,0934300288,,dirsan.pomazzarino@asp.cl.it,01,,,,,,X,,,,X,1,0,0,0,0,0,0,0,0,,X,,0,20180201
Sicilia,190,,202,190311,P.O. SUOR CECILIA BASAROCCO,,01825570854,085013,Piazza Martiri di Nassirya,93015,0933880111,0933880207,,dirsan.poniscemi@asp.cl.it,01,,,,,X,X,,,,X,1,0,0,1,0,1,0,0,0,,X,,0,20180201
Sicilia,190,,202,190505,CASA DI CURA 'REGINA PACIS',,00195960851,085016,VIA SCALEA 3/5,93017,0934515201,0934588748,,,05,,1,,,,X,,,,,3,0,0,0,0,0,0,0,0,1980,X,,0,20180201
Sicilia,190,,202,190506,SO.GE.SA.SPA.C.DI.C.S.BARBARA,,00514190826,085007,VIA MINERBIO 3,93012,0933817111,0933817211,www.casadicurasantabarbara.it,info@casadicurasantabarbara.it,05,,1,,,X,X,,,,,3,0,0,0,0,0,0,0,0,1976,X,,0,20180201
Sicilia,190,,203,190312,P.O. S. Marta e S. Venera Acireale,,04721260877,087004,Via Caronia s.n.,95024,0957677111,0957677001,,,01,,,,,X,X,,,X,X,8,0,3,1,0,0,0,0,1,,X,,8,20180426
Sicilia,190,,203,190313,S.Giovanni Di Dio e S.Isidoro Giarre,,03196850873,087017,Via Carlo Forlanini contrada Coste,95014,0957782111,0957794552,,,01,,,,,,,,,,,2,0,0,0,0,0,0,0,0,,X,,0,20180130
Sicilia,190,,203,190314,P.O. Maria SS.Addolorata Biancavilla,,04721260877,087008,Via Cristoforo Colombo 77,95033,0957716006,095688004,,,01,,,,,,X,,,,X,2,0,3,0,0,1,0,0,1,,X,,12,20180116
Sicilia,190,,203,190315,P.O. Castiglione Prestianni Bronte,,04721260877,087009,Via Umberto 406,95034,0957746111,0957722152,,,01,,,,,,X,,,,X,3,0,3,1,0,0,0,0,1,,X,,5,20180213
Sicilia,190,,203,190316,P.O. SS. Salvatore Paternò,,04721260877,087033,Via Livorno s.n.,95047,0957975065,0957975234,,osppaterno.direzionesanitaria2@ausl3.ct.it,01,,,,,,X,,,,X,3,0,0,0,0,0,0,0,0,,X,,0,20180116
Sicilia,190,,203,190317,P.O. Gravina e S. Pietro Caltagirone,,04721260877,087011,Via Portosalvo 2,95041,093339446,093339448,www.ospedalegravina.it,direzionesanitaria.caltagirone@aspct.it,01,,,,X,X,X,,X,X,X,4,0,5,2,0,0,0,0,1,,X,,12,20180115
Sicilia,190,,203,190318,P.O. Basso Ragusa Militello,,04721260877,087025,Viale Regina Margherita 25,95043,0957943111,0957943140,,,01,,,,,X,X,,,,X,1,0,0,1,0,0,0,0,0,,X,,0,20180115
Sicilia,190,,203,190511,CASA DI CURA DI STEFANO VELONA S.R.L.,,04547010878,087015,VIA S. EUPLIO 162,95124,095446950,095448148,www.distefanovelona.com,info@distefanovelona.com,05,,1,,,,X,,,,,3,0,0,0,0,0,0,0,0,1977,X,,0,20180122
Sicilia,190,,203,190512,CASA DI CURA MADONNA DEL ROSARIO,,00560610875,087015,VIA BRONTE 44,95125,095434127,095446930,,m.delrosario@tiscali.it,05,,1,,,,X,,,,,0,0,0,0,0,0,0,0,0,1969,X,,0,20180122
Sicilia,190,,203,190513,CASA DI CURA G.B. MORGAGNI S.R.L.,,00248620874,087015,VIA DEL BOSCO 105,95125,095238235,095238450,www.policlinicomorgagni.it,gbmorg@tin.it,05,,1,,,X,X,,X,,,7,0,0,1,0,0,0,0,0,1971,X,,0,20180122
Sicilia,190,,203,190515,CASA DI CURA S. RITA SRL,,01135180870,087015,VIA DOTT. CONSOLI 49,95124,095320690,0952180742,,accettazione@casadicurasrita.it,05,,1,,,,X,,,,,2,0,0,0,0,0,0,0,0,1981,X,,0,20180410
Sicilia,190,,203,190516,MATER DEI DI G.NESI & C. S.P.A,,01129240873,087015,VIALE MARIO RAPISARDI 1,95124,0957389111,0957313218,www.casadicuramaterdei.it,urp@casadicuramaterdei.it,05,,1,,,,X,,,,,3,0,0,0,0,0,0,0,0,1980,X,,0,20180122
Sicilia,190,,203,190517,CASA DI CURA VILLA DEI GERANI SrL,,00288180870,087015,VIII STRADA ZONA INDUSTRIALE,95121,095596401,095596408,,accettazione.gerani@carmide.it,05,,1,,,,,,,,,0,0,0,0,0,0,0,0,0,1978,X,X,0,20180122
Sicilia,190,,203,190519,HUMANITAS CENTRO CATANESE DI ONCOLOGIA,,00288060874,087015,VIA V.E. DA BORMIDA 64,95126,0957339000,095336989,www.ccocatania.it,salvina.scire@ccocatania.it,05,,1,,,X,X,X,X,,,4,0,0,0,0,0,0,0,0,1968,X,,0,20180122
Sicilia,190,,203,190520,CASA CURA CENTRO CATANESE MED. E CH.,,00496120874,087015,VIA BATTELLO 48,95126,0957323111,0957323532,www.ccmc.it,info@ccmc.it,05,,1,,,,X,,,X,,3,0,0,0,0,0,0,0,0,2003,X,,0,20180122
Sicilia,190,,203,190521,CASA DI CURA CARMIDE,,00288880870,087015,VIA FEUDO GRANDE 13,95126,0957529111,095494234,,accettazione@carmide.it,05,,1,,,,,,,,,0,0,0,0,0,0,0,0,0,1974,X,X,0,20180122
Sicilia,190,,203,190523,CASA DI CURA GIBIINO SRL,,02205770874,087015,VIALE ODORICO DA PORDENONE 25,95128,095501224,095501298,www.casadicuragibiino.it,info@casadicuragibino.it,05,,1,,,,X,,,,,2,0,0,0,0,0,0,0,0,1977,X,,0,20180329
Sicilia,190,,203,190553,CASA DI CURA RIABILITATIVA VILLA SOFIA,,00558180873,087004,"VIA DELLE TERME, 80",95024,0957631997,0957636068,,villasofia@cataniacura.it,05,,1,,,,X,,,,,0,0,0,0,0,0,0,0,0,2000,X,X,0,20180122
Sicilia,190,,203,190554,ISTITUTO ONCOLOGICO DEL MEDITERRANEO SPA,,02744310877,087053,VIA PENNINAZZO 7,95029,0957895000,0957891320,,,05,,1,,,X,X,,X,,,3,0,0,0,0,0,0,0,0,2002,X,,0,20180122
Sicilia,190,,203,190555,CASA DI CURA MONS. G. CALACIURA Cenacolo,,02173180874,087008,SPBiancavillaMontalto Cda CrocealVallone,95033,0957710211,0957710276,www.centroriabilitativocalaciura.it,crc@operacenacolo.it,05,,1,,,,,,,,,0,0,0,0,0,0,0,0,0,2010,X,X,0,20180122
Sicilia,190,,203,190709,CASA DI CURA CLIN.BASILE GEST.TIGANO SRL,,01207900893,087015,V.LE ODORICO DA PORDENONE 1,95128,095501329,095501333,,clinicabasile@yahoo.it,05,,1,,,,X,,,,,0,0,0,0,0,0,0,0,0,1961,X,,0,20180122
Sicilia,190,,203,190710,CASA DI CURA PROF.E.FALCIDIA SrL,,03970180877,087015,V.LE ODORICO DA PORDENONE 32/34,95126,095580578,095223068,www.falcidia.it,info@falcidia.it,05,,1,,,,X,,,,,2,0,8,0,0,0,0,0,0,1967,X,,27,20180302
Sicilia,190,,203,190712,CASA DI CURA MUSUMECI GECAS SRL,,03381600877,087019,Via Dell'Autonomia 57,95127,0957504611,0957504630,www.grupposamed.com,casadicuramusumeci@grupposame,05,,1,,,,X,,,,,3,0,0,0,0,0,0,0,0,1997,X,,0,20180122
Sicilia,190,,203,190715,CASA DI CURA VILLA S.FRANCESCO,,04928140872,087015,V.LE ODORICO DA PORDENONE 46/48,95126,095580520,,,villasanfrancesco@tiscali.it,05,,1,,,,,,,,,2,0,0,0,0,0,0,0,0,1986,X,,0,20180122
Sicilia,190,,203,190723,CASA DI CURA VALSALVA SRL,,01275220893,087015,"V.LE A. USODIMARE, 109",95126,0957141924,095515616,,amministrazione@casadicuravalsalva.it,05,,1,,,,X,,,,,3,0,0,0,0,0,0,0,0,1999,X,,0,20180122
Sicilia,190,,203,190724,ISCAS MORGAGNI NORD SRL,,00248620874,087034,VIA DELLA RESISTENZA 31,95030,0957026651,0957026651,www.policlinicomorgagni.it,dirsan@centrocuore.it,05,,1,,,X,X,,,,,3,0,0,0,0,0,0,0,0,1993,X,,0,20180122
Sicilia,190,,203,190725,PRIVATE HOSPITAL ARGENTO srl,,05181800870,087015,VIA OTTAVIO D`ARCANGELO 16,95123,095515504,0955124150,,privatehospitalargento@impresapec.it,05,,1,,,,X,,,,,3,0,0,0,0,0,0,0,0,1973,X,,0,20180302
Sicilia,190,,203,190726,ISTITUTO CLINICO VIDIMURA srl,,02310340878,087015,Piazza Mancini Battaglia n.5,95126,095408111,095408502,www.gretterlucina.it,segreteria@istitutoclinicovidimura,05,,1,,,,X,,,,,4,0,6,0,0,0,0,0,0,2017,X,,15,20180122
Sicilia,190,,204,190319,P. O. 'UMBERTO I',,01151150867,086009,C.da Ferrante,94100,0935516111,0935516299,,dirsan.umberto@asp.enna.it,01,,,,X,X,X,X,X,X,X,3,0,11,2,1,1,0,0,1,,X,,17,20180312
Sicilia,190,,204,190320,P. O. 'M. CHIELLO',,01151150867,086014,CONTRADA BELLIA,94015,0935981111,0935981731,www.asp.enna.it,dirsan.chiello@asp.enna.it,01,,,,,,X,,,,X,3,0,1,2,0,0,0,0,0,,X,,0,20180312
Sicilia,190,,204,190321,P. O. 'FERRO-CAPRA-BRANCIFORTE',,01151150867,086011,CONTRADA S. GIOVANNI,94013,0935664111,0935664427,,ufficiosdo.fbc@asp.enna.it,01,,,,,,X,,,,X,2,0,0,1,0,0,0,0,0,,X,,0,20180312
Sicilia,190,,204,190322,P. O. 'CARLO BASILOTTA',,01151150867,086012,VIA S. GIOVANNI,94014,0935671111,0935671212,www.asp.enna.it,dirsan.nicosia@asp.enna.it,01,,,,X,,X,,,X,X,3,0,2,2,0,0,0,0,0,,X,,8,20180312
Sicilia,190,,205,190323,P.O. 'NUOVO CUTRONI ZODDA' BARCELLONA,,03051870834,083005,CONTRADA S. ANDREA,98051,09097511,0909751763,,ospedale.barcellona@asp.messina.it,01,,,,,,X,,,X,X,3,0,0,1,1,1,0,0,0,,X,,0,20180207
Sicilia,190,,205,190324,P.O. LIPARI,,03051870834,083041,VIA S. ANNA,98055,0909885402,0909885402,,ospedale.lipari@asp.messina.it,01,,,,,,X,,,X,X,1,5,3,0,0,3,0,0,0,,X,,7,20180207
Sicilia,190,,205,190325,P.O. 'G. FOGLIANI' MILAZZO,,03051870834,083049,VILLAGGIO GRAZIA,98057,09092901,0909290446,,ospedale.milazzo@asp.messina.it,01,,,,X,X,X,,,X,X,6,0,5,0,0,0,0,0,0,,X,,12,20180207
Sicilia,190,,205,190326,P.O.' S. VINCENZO' TAORMINA,,03051870834,083097,CONTRADA SIRINA,98039,09425791,094252215,,direzione.osptaormina@asp.messina.it,01,,,1,X,X,X,X,X,X,X,10,0,4,0,0,1,0,0,0,,X,,10,20180207
Sicilia,190,,205,190327,P.O. 'SS. SALVATORE' MISTRETTA,,03051870834,083052,VIA ANNA SALAMONE,98073,0921389111,0921389224,www.asp.messina.it,ospedale.mistretta@asp.messina.it,01,,,,,,X,,,,X,2,0,0,0,0,0,0,0,0,,X,,0,20180207
Sicilia,190,,205,190328,P.O. 'BARONE-ROMEO' PATTI,,03051870834,083066,VIA MAZZINI,98066,0941244111,094121562,,,01,,,,X,X,X,,,X,X,5,0,17,0,0,2,0,0,0,,X,,20,20180301
Sicilia,190,,205,190329,STABILIMENTO OSPED. S. AGATA MILITELLO,,03051870834,083084,VIA MEDICI,98076,09417201,0941720426,,ospedale.sagata@asp.messina.it,01,,,,X,,X,,,,X,3,0,2,0,0,1,0,0,0,,X,,6,20180207
Sicilia,190,,205,190524,I.O.M.I. F.SCALABRINO GANZIRRI,,06619881003,083048,VIA CONS POMPEA 360 GANZIRRI MESSINA,98165,09039711,090391392,www.giomi.it,info@giomi.com,05,,1,,,,X,,,,,4,0,0,0,0,0,0,0,0,1956,X,,0,20180223
Sicilia,190,,205,190525,CASA DI CURA S.CAMILLO,,00191770833,083048,VIALE P.UMBERTO N.71 MESSINA,98122,0906402317,090661120,www.casadicurasancamillome.it,casadicurasancamillo@virgilio.it,05,,1,,,,X,,,,,3,0,0,0,0,0,0,0,0,1966,X,,0,20180209
Sicilia,190,,205,190526,CASA DI CURA CRISTO RE,,00191850833,083048,VIALE P.UMBERTO N.89 MESSINA,98122,0903718111,0903719133,www.casadicuracristore.it,direzione@casadicuracristore.it,05,,1,,,,X,,,,,3,0,0,0,0,0,0,0,0,1973,X,,0,20180209
Sicilia,190,,205,190527,CASA DI CURA CARMONA SRL,,01428290892,083048,VIALE P.UMBERTO N.75/G,98122,090711001,090714980,www.carmonacasadicura.it,commerciale@carmonacasadicura.it,05,,1,,,,X,,X,,,3,0,0,0,0,0,0,0,0,1995,X,,0,20180209
Sicilia,190,,205,190528,CASA DI CURA VILLA SALUS S.A.S.,,01379750837,083048,VIALE REG.MARGHERITA N. 15/B MESSINA,98121,09036901,09045558,www.casadicuravillasalus.it,vsalus@tin.it,05,,1,,,,X,,X,,,2,0,0,0,0,0,0,0,0,1961,X,,0,20180209
Sicilia,190,,205,190530,C.O.T. S.P.A. (CURE ORTOPED. TRAUM.),,00184810836,083048,VIA DUCEZIO N.1,98124,090660224,0906409680,www.cotmessina.it,amministrazione@cotmessina.it,05,,1,,,,X,,,,,3,0,0,0,0,0,0,0,0,1973,X,,0,20180209
Sicilia,190,,205,190531,CASA DI CURA VILLA IGEA SRL,,00184760833,083048,VIA CONSOLARE VALERIA N 47 MESSINA,98124,0902930323,090696550,www.cdcvillaigea.it,casadicuravillaigeasrl@virgilio.it,05,,1,,,,X,,,,,0,0,0,0,0,0,0,0,0,1961,X,,0,20180209
Sicilia,190,,205,190601,CENTRO CHIRURGICO VILLA MARIA S.R.L.,,01926280833,083048,S.S.113 - ORTOLIUZZO KM. 32,98161,090348380,090348380,www.villamariadaysurgery.it,info@villamariadaysurgery.it,05,,2,,,,,,,,,1,0,0,0,0,0,0,0,0,2007,X,,0,20180209
Sicilia,190,,205,190716,CASA DI CURA CAPPELLANI GIOMI S.P.A.,,11060571004,083048,VIALE REG.ELENA N.335,98121,0903681,09042285,,info.cappellanigiomi@giomi.com,05,,1,,,,X,,,,,3,0,0,0,0,0,0,0,0,2002,X,,0,20180209
Sicilia,190,,206,190179,FOND. IST. S. RAFFAELE - GIGLIO,,05205490823,082027,C.DA PIETRAPOLLASTRA,90015,0921920652,0921920513,www.hsrgiglio.it,direzionegenerale@pec.hsrgiglio.it,00,,,1,X,X,X,,X,X,X,5,0,2,1,1,0,0,0,1,2003,X,,10,20180301
Sicilia,190,,206,190199,OSP. BUCCHERI LA FERLA FATEBENEFRATELLI,,,082053,VIA M. MARINE 197,90127,091479325,091479385,www.ospedalebuccherilaferla.it,scaletta.gino@fbf.it,04,,,1,,X,X,,X,,X,6,0,12,0,0,0,0,0,0,1988,X,,32,20180125
Sicilia,190,,206,190330,P.O. DEI BIANCHI CORLEONE,,05841760829,082034,VIA DON G. COLLETTO,90034,0918450100,0918450112,,dirsancorleone@asppalermo.org,01,,,,,X,X,,,,X,1,2,0,3,2,0,0,0,1,,X,,6,20180423
Sicilia,190,,206,190332,P.O. CIVICO PARTINICO,,05841760829,082054,VIA CIRCONVALLAZIONE 1,90047,0918911300,0918911165,,segretaria.partinoco@asppalermo.org,01,,,,,X,X,,,,X,5,4,2,2,0,0,0,0,0,,X,,15,20180226
Sicilia,190,,206,190333,P.O. MADONNA DELL'ALTO - PETR. SOTTANA,,05841760829,082056,CONTRADA SANTA ELIA,90027,0921682111,0921682074,,dirsanpetralia@ausppalermo.org,01,,,,,X,X,,,,X,2,2,1,0,0,1,0,0,2,,X,,6,20180227
Sicilia,190,,206,190334,P.O. S. CIMINO TERMINI IMERESE,,05841760829,082070,VIA SALVATORE CIMINO,90018,0918151111,0918151228,,dirsantermini@asppalermo.org,01,,,1,,,X,,,,X,3,0,4,1,0,0,0,0,0,,X,,19,20180226
Sicilia,190,,206,190335,P.O. G. F. INGRASSIA,,05841760829,082053,"C.SO CALATAFIMI, 1002",90100,0917033731,0917033766,,dsingrassia@gmail.com,01,,,1,,X,X,,,,X,3,0,14,1,0,0,0,0,0,,X,,16,20180226
Sicilia,190,,206,190337,P.O. VILLA DELLE GINESTRE,,05841760829,082053,"VIA CASTELLANA, 145",90135,0916743111,0916743140,,villadelleginestre@asppalermo.org,01,,,,,,X,,,,,1,0,0,0,0,0,0,0,0,2011,X,X,0,20180226
Sicilia,190,,206,190532,CASA DI CURA IGEA S.N.C.,,00635720824,082054,VIA ROMA 193,90047,0918907410,0918782296,wwwigeacasadicura.it,info@igeacasadicura.it,05,,1,,,,X,,,,,3,0,0,0,0,0,0,0,0,1978,X,,0,20180228
Sicilia,190,,206,190533,CASA DI CURA CANDELA SPA,,00118410828,082053,VIA VILLAREALE 54,90141,091587122,091589344,wwwclinicacandela.it,amministrazione@pec.clinicacandela.it,05,,1,,,,,,,,,3,0,6,0,0,0,0,0,0,1991,X,,25,20180228
Sicilia,190,,206,190534,CASA DI CURE ORESTANO S.R.L.,,00295440820,082053,"VIA PIETRO D`ASARO, N 48",90138,0916044111,091323090,www.casadicureorestano.it,info@casadicuraorestano.it,05,,1,,,,X,,X,,,5,0,0,0,0,0,0,0,0,1921,X,,0,20180228
Sicilia,190,,206,190536,CASA DI CURA 'TRIOLO ZANCLA' S.P.A.,,03599540824,082053,P.ZZA FONDERIA N.23,90133,0916054111,091324463,,direzione@triolozancla.com,05,,1,,,,,,,,,2,0,6,0,0,0,0,0,0,1978,X,,20,20180228
Sicilia,190,,206,190537,CASA DI CURA SERENA S.P.A.,,00611390824,082053,VIA DELLA REGIONE SICILIANA 1470,90135,0916985111,0914066459,wwwcasadicuraserena.it,info@casadicuraserena.it,05,,1,,,,X,,,,,5,0,2,0,0,0,0,0,0,1967,X,,15,20180427
Sicilia,190,,206,190538,CASA DI CURA NOTO PASQUALINO S.R.L.,,00712600824,082053,VIA DANTE 330,90141,0916837111,0916829699,wwwclinicanoto.it,clinicanotosrl@libero.it,05,,1,,,,X,,,,,5,0,0,0,0,0,0,0,0,1927,X,,0,20180228
Sicilia,190,,206,190539,NUOVA CASA DI CURA D`ANNA PIA ASS. SRL,,02723640831,082053,"V.LE REGIONE SICILIANA ,900 SUD EST",90129,091484178,091423064,,protocollo@pec.nuovacasadicuradanna.it,05,,1,,,,X,,,,,0,0,0,0,0,0,0,0,0,1984,X,,0,20180115
Sicilia,190,,206,190540,NUOVA CASA DI CURA DEMMA srl,,05112210827,082053,VIALE REGINA MARGHERITA 5,90138,0916811217,,www.clinicademma.it,amministrazione@clinicademma.it-clinicademma@pec.i,05,,1,,,,,,,,,3,0,0,0,0,0,0,0,0,1984,X,,0,20180111
Sicilia,190,,206,190541,CASA DI CURA MACCHIARELLA S.P.A.,,00301520821,082053,VIALE REGINA MARGHERITA 25,90138,0917022111,0916517049,www.cacadicuramacchiarella.it,cdcmacchiarella@pec.it-ragioneria@casadicuramacchi,05,,1,,,,X,X,X,,,3,0,0,0,0,0,0,0,0,1957,X,,0,20180228
Sicilia,190,,206,190542,CASA DI CURA TORINA,,00734750821,082053,VIA F. SPALLITTA N.18,90145,0916838111,0916824130,www.casadicuratorina.it,casadicuratorina@katamail.com,05,,1,,,,X,,X,,,2,0,0,0,0,0,0,0,0,1959,X,,0,20180115
Sicilia,190,,206,190543,CASA DI CURA VILLA MARGHERITA,,02533080822,082053,"VIA MARCHESE DI VILLABIANCA, 6",90143,091344640,091344640,,,05,,1,,,,X,,,,,0,0,0,0,0,0,0,0,0,1981,X,,0,20180102
Sicilia,190,,206,190545,CASA DI CURE COSENTINO DI KAROL S.R.L.,,06065240829,082053,CORSO DEI MILLE 56,90123,0916162016,0916162016,,karolstrutturesanitarie@pec.it,05,,1,,,,,,,,,2,0,0,0,0,0,0,0,0,2011,X,,0,20180226
Sicilia,190,,206,190551,CASA DI CURA LA MADDALENA S.P.A.,,04413030828,082053,"VIA S. LORENZO COLLI, 312/D",90146,0916806111,0916806906,www.lamaddalenanet.it,info@lamaddalenanet.it,05,,1,,,,X,X,X,,,3,0,0,0,0,0,0,0,0,1999,X,,0,20180227
Sicilia,190,,206,190602,CENTRO ANDROS S.R.L.,,03730190828,082053,VIA AUSONIA 43/45,90144,0916785511,0916785522,www.centroandros.it,info@centro andros.it,05,,1,,,,,,,,,2,0,0,0,0,0,0,0,0,2000,X,,0,20180228
Sicilia,190,,206,190718,CASA DI CURA LATTERI VALSAVA S.R.L.,,01275220893,082053,"VIA F. CORDOVA, 62",90143,0917215111,091302438,www.casadicuralatteri.it,clinicalatteri@casadicuralatteri.it,05,,1,,,,X,,,,,2,0,0,2,0,0,0,0,0,1989,X,,0,20180228
Sicilia,190,,206,190720,CASA DI CURA VILLA MARIA ELEONORA,,03790910826,082053,"VIALE REGIONE SICILIANA,1571",90135,0916981111,0916981366,www.gvm-vme.it,gvm-vme@legalmail.it,05,,1,,,X,X,,,,,4,0,0,0,0,0,0,0,0,1991,X,,0,20180115
Sicilia,190,,207,190338,OSPEDALE ' CIVILE MARIA PATERNO' AREZZO,,01426410880,088009,"PIAZZA CADUTI DI NASSARYA,1",97100,0932600796,0932600795,,pasquale.granata@asp.rg.it,01,,,,X,X,X,X,X,X,X,7,0,14,1,0,1,0,0,2,,X,,28,20180126
Sicilia,190,,207,190339,OSPEDALE REGINA MARGHERITA COMISO,,01426410880,088003,via Paolo Borsellino C/da Mastrella,97013,0932740111,0932962687,,giovanni.dinatale60@asp.rg.it,01,,,,,,X,,,,,4,0,0,0,0,0,0,0,0,,X,,0,20180126
Sicilia,190,,207,190340,OSPEDALE MAGGIORE MODICA,,01426410880,088006,via A.Moro,97015,0932768111,,,dirsan.modica@asp.rg.it,01,,,,X,X,X,,,X,X,6,0,5,1,0,1,0,0,2,,X,,10,20180126
Sicilia,190,,207,190341,OSPEDALE BUSACCA SCICLI,,01426410880,088011,Via Ospedale,97018,0932446111,0932832716,,dirsan.modica@asp.rg.it,01,,,,,,X,,,X,,0,0,0,1,0,0,0,0,0,,X,,0,20180126
Sicilia,190,,207,190342,OSPEDALE GUZZARDI VITTORIA,,01426410880,088012,VIA PAPA GIOVANNI XXIII,97019,0932447163,0932999266,,giovanni.dinatale60@asp.rg.it,01,,,,X,X,X,,,,X,6,0,4,1,0,1,0,0,0,,X,,10,20180126
Sicilia,190,,207,190552,CASA DI CURA CLINICA DEL MEDITERRANEO,,01219210885,088009,"VIA ETTORE FIERAMOSCA,100",97100,0932641001,0932253701,,d.sanitariamedisan@gmail.com,05,,1,,,,X,,,,,3,0,0,0,0,0,0,0,0,,X,,0,20180130
Sicilia,190,,208,190343,P.O. DI MARIA AVOLA,,01661590891,089002,C.DA CHIUSA DI CARLO,96012,0931582111,0931582278,,,01,,,,X,,X,,X,X,X,2,0,0,0,0,0,0,0,2,,X,,0,20180125
Sicilia,190,,208,190344,P.O. TRIGONA NOTO,,01661590891,089013,VIA DEI MILLE,96017,0931890111,0931890334,,,01,,,,,,X,,,,X,4,0,4,1,0,0,0,0,1,,X,,9,20180125
Sicilia,190,,208,190345,P.O. UMBERTO I (EX A.O.),,01661590891,089017,Via Testaferrata 1,96100,0931724111,093166132,www.asp.sr.it,direzionegenerale@asp.sr.it,01,,,2,X,X,X,,X,X,X,10,5,21,2,0,0,0,0,1,,X,,35,20180130
Sicilia,190,,208,190346,P.O. MUSCATELLO AUGUSTA,,01661590891,089001,C.DA GRANATELLO,96011,0931989111,0931989018,www.asp.sr.it,ospedalemuscatello@infinito.it,01,,,,X,,X,,X,,X,2,0,0,1,1,0,0,0,1,,X,,0,20180131
Sicilia,190,,208,190347,OSPEDALE GENERALE DI ZONA,,01661590891,089011,C.DA COLLE ROGGIO - S.P. LENTINI-SCORDIA,96016,095909111,095909507,www.asp.sr.it,d.s.lentini@asp.sr.it,01,,,1,X,,X,,X,X,X,5,0,3,1,1,0,0,0,1,,X,,10,20180130
Sicilia,190,,208,190348,P.O. A. Rizza,,01661590891,089017,Viale Epipoli 74,96100,0931724502,0931491723,www.asp.sr.it,direzionegenerale@asp.sr.it,01,,,2,,,X,X,,,,0,0,0,0,0,0,0,0,0,,X,,0,20180130
Sicilia,190,,208,190507,CASA DI CURA SANTA LUCIA GLEF,,00882610892,089017,VIA LOMBARDIA 1,96100,0931410111,0931443650,,carmelo.riscica@glef.it,05,,1,,,,X,,,,,3,0,0,0,0,0,0,0,0,1984,X,,0,20180201
Sicilia,190,,208,190508,CASA DI CURA VILLA MAURITIUS ARC,,00984310896,089017,VIA FRANCOFONTE 5,96100,0931491510,0931491593,,villamauritius@virgilio.it,05,,1,,,,X,,,,,0,0,0,0,0,0,0,0,0,1981,X,,0,20180213
Sicilia,190,,208,190509,IST.ORT. VILLA SALUS I. GALATIOTO SRL,,01552710897,089001,VIA PROVINC. PER BRUCOLI 507/A,96011,0931990111,0931512061,www.villasalus.it,cmi@villasalus.it,05,,1,,,,X,,,,,5,22,0,0,0,0,0,0,0,1962,X,,0,20180129
Sicilia,190,,208,190550,C. DI CURA 'VILLA AZZURRA' - GESIN SRL,,01851530897,089017,VIA CASSARO S.N.,96100,0931788111,0931490017,www.villaazzurra.it,direzionesanitaria@villaazzurra.it,05,,1,,,,X,,,,,2,0,0,0,0,0,0,0,0,1998,X,,0,20180130
Sicilia,190,,208,190701,CLINICA VILLA RIZZO,,04335601003,089017,VIA S.AGATI N 3/5/7,96100,0931708111,0931441731,www.villarizzo.it,daniela.romano@villarizzo.it,05,,1,,,,X,,,,,3,0,0,0,0,0,0,0,0,2002,X,,0,20180125
Sicilia,190,,209,190349,P.O. SAN VITO E SANTO SPIRITO -ALCAMO,,02363280815,081001,VIA FRANCESCO CRISPI 116,91011,0924599111,0924599261,www.asptrapani.it,,01,,,1,,,X,,,,X,2,0,0,0,0,0,0,0,2,,X,,0,20180222
Sicilia,190,,209,190350,P.O. 'B. NAGAR' - PANTELLERIA,,02363280815,081014,PIAZZALE NICOLO` ALMANZA,91017,0923910234,0923911337,,,01,,,,,X,X,,,X,X,1,5,2,0,0,1,0,1,0,,X,,4,20180313
Sicilia,190,,209,190351,P.O. S. ANTONIO ABATE - TRAPANI,,02363280815,081008,"VIA COSENZA, 82",91016,0923809111,0923809339,www.asptrapani.it,direzionesanitaria.potrapani@asptrapani.it,01,,,1,X,X,X,,X,X,X,7,5,15,1,0,1,0,0,1,,X,,19,20180305
Sicilia,190,,209,190352,P.O. V.EMANUELE II CASTELVETRANO,,02363280815,081006,"VIA MARINELLA, 5 C/VETRANO",91022,0924930230,0924930326,www.asptrapani.it,direzionesanitariacastelvetrano@asptrapani.it,01,,,1,,X,X,,X,X,X,5,4,0,0,0,0,0,0,2,,X,,5,20180307
Sicilia,190,,209,190353,P.O.PAOLO BORSELLINO - MARSALA,,02363280815,081011,VIA SALEMI - C/DA CARDILLA,91025,0923753110,0923753088,,,01,,,1,X,X,X,,,X,X,6,0,0,0,0,1,0,0,2,,X,,0,20180209
Sicilia,190,,209,190354,P.O.ABELE AJELLO-MAZARA D.VALLO,,02363280815,081012,VIA SALEMI n°175,91026,0923657912,0923657927,,direzione.sanitaria.mazara@asptrapani.it,01,,,1,,X,X,X,,,X,4,0,3,0,0,0,0,0,2,2017,X,,4,20180306
Sicilia,190,,209,190355,P.O. VITTORIO EMANUELE III - SALEMI,,02363280815,081018,VIA DANTE ALIGHIERI,91018,0924990111,092464900,,direzione.sanitaria.salemi@asltrapani.it,01,,,,,,X,,,,,2,0,0,0,0,2,0,0,0,,X,,0,20180301
Sicilia,190,,209,190501,CASA DI CURA VILLA DEI GERANI,,00253750814,081008,"VIA A. MANZONI, 83 CASA SANTA ERICE",91016,0923557311,0923554366,www.villadeigerani.tp.it,info@villadeigerani.tp.it,05,,1,,,,X,,X,,,3,0,0,0,0,0,0,0,0,1949,X,,0,20180206
Sicilia,190,,209,190502,CASA DI CURA SANT`ANNA SRL.,,01726680811,081008,"VIA SALITA SANT`ANNA, 34 ERICE C.S.",91016,0923557211,0923557285,,amministrazione@casadicurasantanna.com,05,,1,,,,,,,,,3,4,5,0,0,0,0,0,0,1995,X,,20,20180206
Sicilia,190,,209,190549,CASA DI CURA MORANA SRL,,01466200811,081011,CONTRADA DARA 744/D,91025,0923745222,0923968409,,cdcmorana@interfree.it,05,,1,,,,X,,,,,0,0,0,0,0,0,0,0,0,1990,X,,0,20180206
Sicilia,190,,209,190556,CASA DI CURA RIABIL. VITTORIA S.r.l,,02627880814,081006,"VIALE DEI TEMPLI, 116",91022,092481075,0924932011,www.casadicura.vanico.it,info@casadicuravittoria.it,05,,1,,,,X,,,,,0,0,0,0,0,0,0,0,0,2018,X,X,0,20180419
Sicilia,190,,921,190921,A.O. per l'Emergenza Cannizzaro,,04721280875,087015,via Messina 829,95126,0957262486,0957262466,www.aocannizzaro.it,aoc.dirsan@libero.it,00,,,,,,X,X,X,,,0,0,0,0,0,0,0,0,0,,X,,0,20180102
Sicilia,190,,922,190922,ARNAS GARIBALDI,,04721270876,087015,"PIAZZA SANTA MARIA DI GESU', 5/7",95124,0957591111,095337462,www.ao-garibaldi.ct.it,dir.generale@arnasgaribaldi.it,00,,,2,X,X,X,X,X,X,X,24,0,27,2,0,3,0,1,1,,X,,18,20180126
Sicilia,190,,923,190923,A.O.U. POLICLINICO - VITTORIO EMANUELE,,04721290874,087015,VIA SANTA SOFIA 78,95123,0953782530,0953785281,www.policlinicovittorioemanuele.it,g.licciardello@ao-ve.it,02,1,,2,X,X,X,X,X,X,X,40,0,43,2,2,2,1,0,1,,X,,32,20180131
Sicilia,190,,924,190924,Azienda Ospedaliera Papardo,,03051880833,083048,contrada papardo,98158,0903992862,0903996311,www.aopapardo.it,loredanacausini@aopapardo.it,00,,,1,X,X,X,X,X,X,X,16,8,15,1,0,0,0,0,1,2016,X,,26,20180130
Sicilia,190,,925,190925,Azienda Osp. Univ. G. Martino,,03051890832,083048,viale gazzi,98124,0902211,0902212595,ww.polime.it,dirsanaou@unime.it,02,1,,2,X,X,X,X,X,X,X,20,8,23,2,0,2,0,0,2,,X,,18,20180427
Sicilia,190,,926,190926,A.O.R Villa Sofia Cervello,,05841780827,082053,"Viale Strasburgo, 233",90146,0917801111,,www.ospedaliriunitipalermo.it,segreteriadirezionegenerale@villasofia.it,00,,,2,X,X,X,,X,X,X,18,0,0,0,0,6,1,1,2,,X,,37,20180131
Sicilia,190,,927,190927,Azienda Ospedaliera 'Civico-Di Cristina-,,05841770828,082053,"Piazza Nicola Leotta, 4",90127,0916661111,0916662620,www.arnascivico.it,direzionegenerale@arnascivico.it,00,,,,X,X,X,X,X,X,X,25,8,13,0,0,6,0,0,0,,X,,32,20180201
Sicilia,190,,928,190928,AZ.OSP.UNIV.P.GIACCONE,,05841790826,082053,Via del Vespro n. 129,90127,0916555215,0916555619,www.policlinico.pa.it,protocollo.aoup@pec.policlinicogiaccone.it,02,1,,2,X,X,X,,X,X,X,21,8,0,0,0,0,0,1,0,,X,,0,20180327
Sicilia,190,,929,190929,IRCCS Ismett,,04544550827,082053,"Via Ernesto Tricomi, 5",90127,0912192111,0912192244,www.ismett.edu,mail@ismett.edu,03,2,,,,X,X,,,,,5,0,0,0,0,0,0,0,0,,X,,0,20180214
Sicilia,190,,950,190950,ASSOCIAZIONE OASI MARIA SS,,,086018,VIA CONTE RUGGERO 73,94018,0935936111,0935936392,www.oasi.en.it,info@oasi.en.it,03,2,,,,,,,,,,0,0,0,0,0,0,0,0,0,1990,X,,0,20180102
Sicilia,190,,960,190960,IRCCS Centro Neurolesi 'Bonino Pulejo',,02733700831,083048,SS.113 Via Palermo C / Casazza,98124,09060128507,09060128876,http://www.irccsme.it,danilo.ferrara@irccsme.it,03,1,,,,X,X,,,,X,3,0,0,0,0,0,0,0,0,2006,X,,0,20180409
Sicilia,190,,970,190970,Dipartimento Rizzoli-Sicilia,,00302030374,082006,SS13 al km 246,90011,0919297031,0919297032,http://www.ior.it/rizzoli-sicilia/home,segreteriarizzolisicilia@ior.it,03,1,,,,X,,,,,,2,0,0,0,0,0,0,0,0,2012,X,,0,20180423
