Anno,Codice Regione,Codice Azienda,Codice struttura,Denominazione struttura,Partita IVA,Codice Comune,Indirizzo,CAP,Prefisso,Telefono,Prefisso fax,Numero fax,Sito web,E-mail,Tipo struttura,Tipo IRCCS/A.O. Univ. e Policlinico,Tipo casa di cura,Dipartimento emergenza,Centro trasfusionale,Servizio rianimazione,Diagnostica per immagini,Radioterapia,Oncologia medica,Servizio dialisi,Pronto soccorso,Sale operatorie,Posti camere iperbariche,Incubatrici,Ambulanze tipo A,Ambulanze tipo A con medico,Ambulanze tipo B,Ambulanze pediatriche,Ambulanze trasp. emergenza neonato,Unità mobili rianimazione,Anno apertura,Mese apertura,Giorno apertura,Anno chiusura,Mese chiusura,Giorno chiusura,Apparecchiature tecnico biomediche,Attività riabilitazione,Attività day surgery,Attività pediatrica,Culle,Data aggiornamento
2018,190,201,190301,P.O. S. GIOVANNI DI DIO,02570930848,084001,C/DA CONSOLIDA,92100,0922,442111,0922,591246,www.aspag.it,poagrigento.direttore@aspag.it,01,,,,X,X,X,X,X,X,X,5,0,17,0,0,2,0,0,1,2009,09,01,0000,00,00,X,,,,24,20180130
2018,190,201,190302,P.O. BARONE LOMBARDO - CANICATTI',02570930848,084011,CONTRADA GIARRE,92024,0922,733111,0922,733359,www.aspag.it,pocanicatti.direttore@aspag.it,01,,,1,X,X,X,,X,,X,2,0,1,0,0,0,0,0,3,2009,09,01,0000,00,00,X,,,,15,20180124
2018,190,201,190303,P.O. S. GIACOMO D'ALTOPASSO LICATA,02570930848,084021,C/DA CANNAVECCHIA,92027,0922,869111,,,www.aspag.it,policata.direttore@aspag.it,01,,,,,,X,,,,X,3,0,2,1,0,1,0,0,1,2009,09,01,0000,00,00,X,,,,5,20180130
2018,190,201,190304,P.O. F.LLI PARLAPIANO - RIBERA,02570930848,084033,VIA CIRCONVALLAZIONE,92016,0925,562111,0925,562309,www.aspag.it,poribera.direttore@aspag.it,01,,,,,,X,,,,X,2,0,0,0,0,1,0,0,1,2009,09,01,0000,00,00,X,,,,0,20180111
2018,190,201,190305,P.O. GIOVANNI PAOLO II,02570930848,084041,VIA POMPEI - C. DA SENIAZZA,92019,0925,962111,,,www.aspag.it,posciacca.direttore@aspag.it,01,,,,X,X,X,,X,X,X,6,5,3,1,0,2,0,0,0,2009,09,01,0000,00,00,X,,,,12,20180131
2018,190,201,190503,CASA DI SALUTE IGNAZIO ATTARDI S.P.A.,00213650849,084040,VIA NAZIONALE 16,92020,0922,989446,0922,989446,,clinicaattardi@tiscali.it,05,,1,,,,,,,,,2,0,2,0,0,0,0,0,0,1976,05,26,0000,00,00,X,,,,15,20180126
2018,190,201,190504,SIA CASA DI CURA S. ANNA S.P.A.,00137210845,084001,VIA PORTA AUREA,92100,0922,409111,0922,409310,,siaccsanna@libero.it,05,,1,,,,X,,,,,4,0,0,0,0,0,0,0,0,1981,01,01,0000,00,00,X,,,,0,20180125
2018,190,202,190306,P.O. Sant'Elia (ex AO),01825570854,085004,Via Luigi Russo n°6,93100,0934,559111,0934,559644,www.santelia.it,dirsan.posant'elia@asp.cl.it,01,,,2,X,X,X,,X,X,X,11,0,6,0,0,0,0,1,2,2009,09,01,0000,00,00,X,,,,6,20180104
2018,190,202,190307,P.O. M. IMMACOLATA LONGO,01825570854,085012,Via Dogliotti sn,93014,0934,962211,0934,962219,,dirsan.pomussomeli@asp.cl.it,01,,,,,X,X,,,X,X,2,0,0,2,0,0,0,0,1,2009,09,01,0000,00,00,X,,,,0,20180201
2018,190,202,190308,P.O.MADDALENA RAIMONDI,01825570854,085016,Via Forlanini 5,93017,0934,512229,0934,586042,,dirsan.posancataldo@asp.cl.it,01,,,,,,X,X,,,,0,0,0,0,0,0,0,0,0,2009,09,01,0000,00,00,X,,,,0,20180201
2018,190,202,190309,P.O. VITTORIO EMANUELE (ex AO),01825570854,085007,Via Palazzi 173,83012,0933,831111,0933,831465,www.ospedalegela.it,direttore.sil@ospedalegela.it,01,,,1,X,X,X,X,X,X,X,5,0,2,0,0,0,0,0,2,2009,09,01,0000,00,00,X,,,,12,20180201
2018,190,202,190310,P.O. SANTO STEFANO,01825570854,085009,Via Dante n°2,93013,0934,300211,0934,300288,,dirsan.pomazzarino@asp.cl.it,01,,,,,,X,,,,X,1,0,0,0,0,0,0,0,0,2009,09,01,0000,00,00,X,,,,0,20180201
2018,190,202,190311,P.O. SUOR CECILIA BASAROCCO,01825570854,085013,Piazza Martiri di Nassirya,93015,0933,880111,0933,880207,,dirsan.poniscemi@asp.cl.it,01,,,,,X,X,,,,X,1,0,0,1,0,1,0,0,0,2009,09,01,0000,00,00,X,,,,0,20180201
2018,190,202,190505,CASA DI CURA 'REGINA PACIS',00195960851,085016,VIA SCALEA 3/5,93017,0934,515201,0934,588748,,,05,,1,,,,X,,,,,3,0,0,0,0,0,0,0,0,1980,03,24,0000,00,00,X,,,,0,20180201
2018,190,202,190506,SO.GE.SA.SPA.C.DI.C.S.BARBARA,00514190826,085007,VIA MINERBIO 3,93012,0933,817111,0933,817211,www.casadicurasantabarbara.it,info@casadicurasantabarbara.it,05,,1,,,X,X,,,,,3,0,0,0,0,0,0,0,0,1976,11,05,0000,00,00,X,,,,0,20180201
2018,190,203,190312,P.O. S. Marta e S. Venera Acireale,04721260877,087004,Via Caronia s.n.,95024,095,7677111,095,7677001,,,01,,,,,X,X,,,X,X,8,0,3,1,0,0,0,0,1,2009,09,01,0000,00,00,X,,,,8,20180426
2018,190,203,190313,S.Giovanni Di Dio e S.Isidoro Giarre,03196850873,087017,Via Carlo Forlanini contrada Coste,95014,095,7782111,095,7794552,,,01,,,,,,,,,,,2,0,0,0,0,0,0,0,0,2009,09,01,0000,00,00,X,,,,0,20180130
2018,190,203,190314,P.O. Maria SS.Addolorata Biancavilla,04721260877,087008,Via Cristoforo Colombo 77,95033,095,7716006,095,688004,,,01,,,,,,X,,,,X,2,0,3,0,0,1,0,0,1,2009,09,01,0000,00,00,X,,,,12,20180116
2018,190,203,190315,P.O. Castiglione Prestianni Bronte,04721260877,087009,Via Umberto 406,95034,095,7746111,095,7722152,,,01,,,,,,X,,,,X,3,0,3,1,0,0,0,0,1,2009,09,01,0000,00,00,X,,,,5,20180213
2018,190,203,190316,P.O. SS. Salvatore Paternò,04721260877,087033,Via Livorno s.n.,95047,095,7975065,095,7975234,,osppaterno.direzionesanitaria2@ausl3.ct.it,01,,,,,,X,,,,X,3,0,0,0,0,0,0,0,0,2009,09,01,0000,00,00,X,,,,0,20180116
2018,190,203,190317,P.O. Gravina e S. Pietro Caltagirone,04721260877,087011,Via Portosalvo 2,95041,0933,39446,0933,39448,www.ospedalegravina.it,direzionesanitaria.caltagirone@aspct.it,01,,,,X,X,X,,X,X,X,4,0,5,2,0,0,0,0,1,2009,09,01,0000,00,00,X,,,,12,20180115
2018,190,203,190318,P.O. Basso Ragusa Militello,04721260877,087025,Viale Regina Margherita 25,95043,095,7943111,095,7943140,,,01,,,,,X,X,,,,X,1,0,0,1,0,0,0,0,0,2009,09,01,0000,00,00,X,,,,0,20180115
2018,190,203,190511,CASA DI CURA DI STEFANO VELONA S.R.L.,04547010878,087015,VIA S. EUPLIO 162,95124,095,446950,095,448148,www.distefanovelona.com,info@distefanovelona.com,05,,1,,,,X,,,,,3,0,0,0,0,0,0,0,0,1977,11,01,0000,00,00,X,,,,0,20180122
2018,190,203,190512,CASA DI CURA MADONNA DEL ROSARIO,00560610875,087015,VIA BRONTE 44,95125,095,434127,095,446930,,m.delrosario@tiscali.it,05,,1,,,,X,,,,,0,0,0,0,0,0,0,0,0,1969,03,01,0000,00,00,X,,,,0,20180122
2018,190,203,190513,CASA DI CURA G.B. MORGAGNI S.R.L.,00248620874,087015,VIA DEL BOSCO 105,95125,095,238235,095,238450,www.policlinicomorgagni.it,gbmorg@tin.it,05,,1,,,X,X,,X,,,7,0,0,1,0,0,0,0,0,1971,10,13,0000,00,00,X,,,,0,20180122
2018,190,203,190515,CASA DI CURA S. RITA SRL,01135180870,087015,VIA DOTT. CONSOLI 49,95124,095,320690,095,2180742,,accettazione@casadicurasrita.it,05,,1,,,,X,,,,,2,0,0,0,0,0,0,0,0,1981,01,01,2018,03,14,X,,,,0,20180410
2018,190,203,190516,MATER DEI DI G.NESI & C. S.P.A,01129240873,087015,VIALE MARIO RAPISARDI 1,95124,095,7389111,095,7313218,www.casadicuramaterdei.it,urp@casadicuramaterdei.it,05,,1,,,,X,,,,,3,0,0,0,0,0,0,0,0,1980,12,08,0000,00,00,X,,,,0,20180122
2018,190,203,190517,CASA DI CURA VILLA DEI GERANI SrL,00288180870,087015,VIII STRADA ZONA INDUSTRIALE,95121,095,596401,095,596408,,accettazione.gerani@carmide.it,05,,1,,,,,,,,,0,0,0,0,0,0,0,0,0,1978,03,01,0000,00,00,X,X,,,0,20180122
2018,190,203,190519,HUMANITAS CENTRO CATANESE DI ONCOLOGIA,00288060874,087015,VIA V.E. DA BORMIDA 64,95126,095,7339000,095,336989,www.ccocatania.it,salvina.scire@ccocatania.it,05,,1,,,X,X,X,X,,,4,0,0,0,0,0,0,0,0,1968,05,06,0000,00,00,X,,,,0,20180122
2018,190,203,190520,CASA CURA CENTRO CATANESE MED. E CH.,00496120874,087015,VIA BATTELLO 48,95126,095,7323111,095,7323532,"www,ccmc.it",info@ccmc.it,05,,1,,,,X,,,X,,3,0,0,0,0,0,0,0,0,2003,07,01,0000,00,00,X,,,,0,20180122
2018,190,203,190521,CASA DI CURA CARMIDE,00288880870,087015,VIA FEUDO GRANDE 13,95126,095,7529111,095,494234,,accettazione@carmide.it,05,,1,,,,,,,,,0,0,0,0,0,0,0,0,0,1974,05,01,0000,00,00,X,X,,,0,20180122
2018,190,203,190523,CASA DI CURA GIBIINO SRL,02205770874,087015,VIALE ODORICO DA PORDENONE 25,95128,095,501224,095,501298,www.casadicuragibiino.it,info@casadicuragibino.it,05,,1,,,,X,,,,,2,0,0,0,0,0,0,0,0,1977,10,21,0000,00,00,X,,,,0,20180329
2018,190,203,190553,CASA DI CURA RIABILITATIVA VILLA SOFIA,00558180873,087004,"VIA DELLE TERME, 80",95024,095,7631997,095,7636068,,villasofia@cataniacura.it,05,,1,,,,X,,,,,0,0,0,0,0,0,0,0,0,2000,07,20,0000,00,00,X,X,,,0,20180122
2018,190,203,190554,ISTITUTO ONCOLOGICO DEL MEDITERRANEO SPA,02744310877,087053,VIA PENNINAZZO 7,95029,095,7895000,095,7891320,,,05,,1,,,X,X,,X,,,3,0,0,0,0,0,0,0,0,2002,07,01,0000,00,00,X,,,,0,20180122
2018,190,203,190555,CASA DI CURA MONS. G. CALACIURA Cenacolo,02173180874,087008,SPBiancavillaMontalto Cda CrocealVallone,95033,095,7710211,095,7710276,www.centroriabilitativocalaciura.it,crc@operacenacolo.it,05,,1,,,,,,,,,0,0,0,0,0,0,0,0,0,2010,03,15,0000,00,00,X,X,,,0,20180122
2018,190,203,190709,CASA DI CURA CLIN.BASILE GEST.TIGANO SRL,01207900893,087015,V.LE ODORICO DA PORDENONE 1,95128,095,501329,095,501333,,clinicabasile@yahoo.it,05,,1,,,,X,,,,,0,0,0,0,0,0,0,0,0,1961,12,01,0000,00,00,X,,,,0,20180122
2018,190,203,190710,CASA DI CURA PROF.E.FALCIDIA SrL,03970180877,087015,V.LE ODORICO DA PORDENONE 32/34,95126,095,580578,095,223068,www.falcidia.it,info@falcidia.it,05,,1,,,,X,,,,,2,0,8,0,0,0,0,0,0,1967,03,03,0000,00,00,X,,,,27,20180302
2018,190,203,190712,CASA DI CURA MUSUMECI GECAS SRL,03381600877,087019,Via Dell'Autonomia 57,95127,095,7504611,095,7504630,www.grupposamed.com,casadicuramusumeci@grupposame,05,,1,,,,X,,,,,3,0,0,0,0,0,0,0,0,1997,07,14,0000,00,00,X,,,,0,20180122
2018,190,203,190715,CASA DI CURA VILLA S.FRANCESCO,04928140872,087015,V.LE ODORICO DA PORDENONE 46/48,95126,095,580520,,,,villasanfrancesco@tiscali.it,05,,1,,,,,,,,,2,0,0,0,0,0,0,0,0,1986,01,01,0000,00,00,X,,,,0,20180122
2018,190,203,190723,CASA DI CURA VALSALVA SRL,01275220893,087015,"V.LE A. USODIMARE, 109",95126,095,7141924,095,515616,,amministrazione@casadicuravalsalva.it,05,,1,,,,X,,,,,3,0,0,0,0,0,0,0,0,1999,09,09,0000,00,00,X,,,,0,20180122
2018,190,203,190724,ISCAS MORGAGNI NORD SRL,00248620874,087034,VIA DELLA RESISTENZA 31,95030,095,7026651,095,7026651,www.policlinicomorgagni.it,dirsan@centrocuore.it,05,,1,,,X,X,,,,,3,0,0,0,0,0,0,0,0,1993,01,22,0000,00,00,X,,,,0,20180122
2018,190,203,190725,PRIVATE HOSPITAL ARGENTO srl,05181800870,087015,VIA OTTAVIO D`ARCANGELO 16,95123,095,515504,095,5124150,,privatehospitalargento@impresapec.it,05,,1,,,,X,,,,,3,0,0,0,0,0,0,0,0,1973,05,09,0000,00,00,X,,,,0,20180302
2018,190,203,190726,ISTITUTO CLINICO VIDIMURA srl,02310340878,087015,Piazza Mancini Battaglia n.5,95126,095,408111,095,408502,www.gretterlucina.it,segreteria@istitutoclinicovidimura,05,,1,,,,X,,,,,4,0,6,0,0,0,0,0,0,2017,06,22,0000,00,00,X,,,,15,20180122
2018,190,204,190319,P. O. 'UMBERTO I',01151150867,086009,C.da Ferrante,94100,0935,516111,0935,516299,,dirsan.umberto@asp.enna.it,01,,,,X,X,X,X,X,X,X,3,0,11,2,1,1,0,0,1,2009,09,01,0000,00,00,X,,,,17,20180312
2018,190,204,190320,P. O. 'M. CHIELLO',01151150867,086014,CONTRADA BELLIA,94015,0935,981111,0935,981731,www.asp.enna.it,dirsan.chiello@asp.enna.it,01,,,,,,X,,,,X,3,0,1,2,0,0,0,0,0,2009,09,01,0000,00,00,X,,,,0,20180312
2018,190,204,190321,P. O. 'FERRO-CAPRA-BRANCIFORTE',01151150867,086011,CONTRADA S. GIOVANNI,94013,0935,664111,0935,664427,,ufficiosdo.fbc@asp.enna.it,01,,,,,,X,,,,X,2,0,0,1,0,0,0,0,0,2009,09,01,0000,00,00,X,,,,0,20180312
2018,190,204,190322,P. O. 'CARLO BASILOTTA',01151150867,086012,VIA S. GIOVANNI,94014,0935,671111,0935,671212,www.asp.enna.it,dirsan.nicosia@asp.enna.it,01,,,,X,,X,,,X,X,3,0,2,2,0,0,0,0,0,2009,09,01,0000,00,00,X,,,,8,20180312
2018,190,205,190323,P.O. 'NUOVO CUTRONI ZODDA' BARCELLONA,03051870834,083005,CONTRADA S. ANDREA,98051,090,97511,090,9751763,,ospedale.barcellona@asp.messina.it,01,,,,,,X,,,X,X,3,0,0,1,1,1,0,0,0,2009,09,01,0000,00,00,X,,,,0,20180207
2018,190,205,190324,P.O. LIPARI,03051870834,083041,VIA S. ANNA,98055,090,9885402,090,9885402,,ospedale.lipari@asp.messina.it,01,,,,,,X,,,X,X,1,5,3,0,0,3,0,0,0,2009,09,01,0000,00,00,X,,,,7,20180207
2018,190,205,190325,P.O. 'G. FOGLIANI' MILAZZO,03051870834,083049,VILLAGGIO GRAZIA,98057,090,92901,090,9290446,,ospedale.milazzo@asp.messina.it,01,,,,X,X,X,,,X,X,6,0,5,0,0,0,0,0,0,2009,09,01,0000,00,00,X,,,,12,20180207
2018,190,205,190326,P.O.' S. VINCENZO' TAORMINA,03051870834,083097,CONTRADA SIRINA,98039,0942,5791,0942,52215,,direzione.osptaormina@asp.messina.it,01,,,1,X,X,X,X,X,X,X,10,0,4,0,0,1,0,0,0,2009,09,01,0000,00,00,X,,,,10,20180207
2018,190,205,190327,P.O. 'SS. SALVATORE' MISTRETTA,03051870834,083052,VIA ANNA SALAMONE,98073,0921,389111,0921,389224,www.asp.messina.it,ospedale.mistretta@asp.messina.it,01,,,,,,X,,,,X,2,0,0,0,0,0,0,0,0,2009,09,01,0000,00,00,X,,,,0,20180207
2018,190,205,190328,P.O. 'BARONE-ROMEO' PATTI,03051870834,083066,VIA MAZZINI,98066,0941,244111,0941,21562,,,01,,,,X,X,X,,,X,X,5,0,17,0,0,2,0,0,0,2009,09,01,0000,00,00,X,,,,20,20180301
2018,190,205,190329,STABILIMENTO OSPED. S. AGATA MILITELLO,03051870834,083084,VIA MEDICI,98076,0941,7201,0941,720426,,ospedale.sagata@asp.messina.it,01,,,,X,,X,,,,X,3,0,2,0,0,1,0,0,0,2009,09,01,0000,00,00,X,,,,6,20180207
2018,190,205,190524,I.O.M.I. F.SCALABRINO GANZIRRI,06619881003,083048,VIA CONS POMPEA 360 GANZIRRI MESSINA,98165,090,39711,090,391392,www.giomi.it,info@giomi.com,05,,1,,,,X,,,,,4,0,0,0,0,0,0,0,0,1956,11,21,0000,00,00,X,,,,0,20180223
2018,190,205,190525,CASA DI CURA S.CAMILLO,00191770833,083048,VIALE P.UMBERTO N.71 MESSINA,98122,090,6402317,090,661120,www.casadicurasancamillome.it,casadicurasancamillo@virgilio.it,05,,1,,,,X,,,,,3,0,0,0,0,0,0,0,0,1966,09,01,0000,00,00,X,,,,0,20180209
2018,190,205,190526,CASA DI CURA CRISTO RE,00191850833,083048,VIALE P.UMBERTO N.89 MESSINA,98122,090,3718111,090,3719133,www.casadicuracristore.it,direzione@casadicuracristore.it,05,,1,,,,X,,,,,3,0,0,0,0,0,0,0,0,1973,07,20,0000,00,00,X,,,,0,20180209
2018,190,205,190527,CASA DI CURA CARMONA SRL,01428290892,083048,VIALE P.UMBERTO N.75/G,98122,090,711001,090,714980,www.carmonacasadicura.it,commerciale@carmonacasadicura.it,05,,1,,,,X,,X,,,3,0,0,0,0,0,0,0,0,1995,01,01,0000,00,00,X,,,,0,20180209
2018,190,205,190528,CASA DI CURA VILLA SALUS S.A.S.,01379750837,083048,VIALE REG.MARGHERITA N. 15/B MESSINA,98121,090,36901,090,45558,www.casadicuravillasalus.it,vsalus@tin.it,05,,1,,,,X,,X,,,2,0,0,0,0,0,0,0,0,1961,06,01,0000,00,00,X,,,,0,20180209
2018,190,205,190530,C.O.T. S.P.A. (CURE ORTOPED. TRAUM.),00184810836,083048,VIA DUCEZIO N.1,98124,090,660224,090,6409680,www.cotmessina.it,amministrazione@cotmessina.it,05,,1,,,,X,,,,,3,0,0,0,0,0,0,0,0,1973,08,01,0000,00,00,X,,,,0,20180209
2018,190,205,190531,CASA DI CURA VILLA IGEA SRL,00184760833,083048,VIA CONSOLARE VALERIA N 47 MESSINA,98124,090,2930323,090,696550,www.cdcvillaigea.it,casadicuravillaigeasrl@virgilio.it,05,,1,,,,X,,,,,0,0,0,0,0,0,0,0,0,1961,06,01,0000,00,00,X,,,,0,20180209
2018,190,205,190601,CENTRO CHIRURGICO VILLA MARIA S.R.L.,01926280833,083048,S.S.113 - ORTOLIUZZO KM. 32,98161,090,348380,090,348380,www.villamariadaysurgery.it,info@villamariadaysurgery.it,05,,2,,,,,,,,,1,0,0,0,0,0,0,0,0,2007,03,01,0000,00,00,X,,,,0,20180209
2018,190,205,190716,CASA DI CURA CAPPELLANI GIOMI S.P.A.,11060571004,083048,VIALE REG.ELENA N.335,98121,090,3681,090,42285,,info.cappellanigiomi@giomi.com,05,,1,,,,X,,,,,3,0,0,0,0,0,0,0,0,2002,07,01,0000,00,00,X,,,,0,20180209
2018,190,206,190179,FOND. IST. S. RAFFAELE - GIGLIO,05205490823,082027,C.DA PIETRAPOLLASTRA,90015,0921,920652,0921,920513,www.HSRGIGLIO.IT,direzionegenerale@pec.hsrgiglio.it,00,,,1,X,X,X,,X,X,X,5,0,2,1,1,0,0,0,1,2003,07,01,0000,00,00,X,,,,10,20180301
2018,190,206,190199,OSP. BUCCHERI LA FERLA FATEBENEFRATELLI,,082053,VIA M. MARINE 197,90127,091,479325,091,479385,www.ospedalebuccherilaferla.it,scaletta.gino@fbf.it,04,,,1,,X,X,,X,,X,6,0,12,0,0,0,0,0,0,1988,01,01,0000,00,00,X,,,,32,20180125
2018,190,206,190330,P.O. DEI BIANCHI CORLEONE,05841760829,082034,VIA DON G. COLLETTO,90034,091,8450100,091,8450112,,dirsancorleone@asppalermo.org,01,,,,,X,X,,,,X,1,2,0,3,2,0,0,0,1,2009,09,01,0000,00,00,X,,,,6,20180423
2018,190,206,190332,P.O. CIVICO PARTINICO,05841760829,082054,VIA CIRCONVALLAZIONE 1,90047,091,8911300,091,8911165,,segretaria.partinoco@asppalermo.org,01,,,,,X,X,,,,X,5,4,2,2,0,0,0,0,0,2009,09,01,0000,00,00,X,,,,15,20180226
2018,190,206,190333,P.O. MADONNA DELL'ALTO - PETR. SOTTANA,05841760829,082056,CONTRADA SANTA ELIA,90027,0921,682111,0921,682074,,dirsanpetralia@ausppalermo.org,01,,,,,X,X,,,,X,2,2,1,0,0,1,0,0,2,2009,09,01,0000,00,00,X,,,,6,20180227
2018,190,206,190334,P.O. S. CIMINO TERMINI IMERESE,05841760829,082070,VIA SALVATORE CIMINO,90018,091,8151111,091,8151228,,dirsantermini@asppalermo.org,01,,,1,,,X,,,,X,3,0,4,1,0,0,0,0,0,2009,09,01,0000,00,00,X,,,,19,20180226
2018,190,206,190335,P.O. G. F. INGRASSIA,05841760829,082053,"C.SO CALATAFIMI, 1002",90100,091,7033731,091,7033766,,dsingrassia@gmail.com,01,,,1,,X,X,,,,X,3,0,14,1,0,0,0,0,0,2009,09,01,0000,00,00,X,,,,16,20180226
2018,190,206,190337,P.O. VILLA DELLE GINESTRE,05841760829,082053,"VIA CASTELLANA, 145",90135,091,6743111,091,6743140,,villadelleginestre@asppalermo.org,01,,,,,,X,,,,,1,0,0,0,0,0,0,0,0,2011,02,15,0000,00,00,X,X,,,0,20180226
2018,190,206,190532,CASA DI CURA IGEA S.N.C.,00635720824,082054,VIA ROMA 193,90047,091,8907410,091,8782296,wwwigeacasadicura.it,info@igeacasadicura.it,05,,1,,,,X,,,,,3,0,0,0,0,0,0,0,0,1978,12,19,0000,00,00,X,,,,0,20180228
2018,190,206,190533,CASA DI CURA CANDELA SPA,00118410828,082053,VIA VILLAREALE 54,90141,091,587122,091,589344,wwwclinicacandela.it,amministrazione@pec.clinicacandela.it,05,,1,,,,,,,,,3,0,6,0,0,0,0,0,0,1991,07,10,0000,00,00,X,,,,25,20180228
2018,190,206,190534,CASA DI CURE ORESTANO S.R.L.,00295440820,082053,"VIA PIETRO D`ASARO, N 48",90138,091,6044111,091,323090,www.casadicureorestano.it,info@casadicuraorestano.it,05,,1,,,,X,,X,,,5,0,0,0,0,0,0,0,0,1921,07,01,0000,00,00,X,,,,0,20180228
2018,190,206,190536,CASA DI CURA 'TRIOLO ZANCLA' S.P.A.,03599540824,082053,P.ZZA FONDERIA N.23,90133,091,6054111,091,324463,,direzione@triolozancla.com,05,,1,,,,,,,,,2,0,6,0,0,0,0,0,0,1978,01,01,0000,00,00,X,,,,20,20180228
2018,190,206,190537,CASA DI CURA SERENA S.P.A.,00611390824,082053,VIA DELLA REGIONE SICILIANA 1470,90135,091,6985111,091,4066459,wwwcasadicuraserena.it,info@casadicuraserena.it,05,,1,,,,X,,,,,5,0,2,0,0,0,0,0,0,1967,11,01,0000,00,00,X,,,,15,20180427
2018,190,206,190538,CASA DI CURA NOTO PASQUALINO S.R.L.,00712600824,082053,VIA DANTE 330,90141,091,6837111,091,6829699,wwwclinicanoto.it,clinicanotosrl@libero.it,05,,1,,,,X,,,,,5,0,0,0,0,0,0,0,0,1927,01,02,0000,00,00,X,,,,0,20180228
2018,190,206,190539,NUOVA CASA DI CURA D`ANNA PIA ASS. SRL,02723640831,082053,"V.LE REGIONE SICILIANA ,900 SUD EST",90129,091,484178,091,423064,,protocollo@pec.nuovacasadicuradanna.it,05,,1,,,,X,,,,,0,0,0,0,0,0,0,0,0,1984,01,01,0000,00,00,X,,,,0,20180115
2018,190,206,190540,NUOVA CASA DI CURA DEMMA srl,05112210827,082053,VIALE REGINA MARGHERITA 5,90138,091,6811217,,,www.clinicademma.it,amministrazione@clinicademma.it-clinicademma@pec.i,05,,1,,,,,,,,,3,0,0,0,0,0,0,0,0,1984,01,01,0000,00,00,X,,,,0,20180111
2018,190,206,190541,CASA DI CURA MACCHIARELLA S.P.A.,00301520821,082053,VIALE REGINA MARGHERITA 25,90138,091,7022111,091,6517049,www.cacadicuramacchiarella.it,cdcmacchiarella@pec.it-ragioneria@casadicuramacchi,05,,1,,,,X,X,X,,,3,0,0,0,0,0,0,0,0,1957,01,01,0000,00,00,X,,,,0,20180228
2018,190,206,190542,CASA DI CURA TORINA,00734750821,082053,VIA F. SPALLITTA N.18,90145,091,6838111,091,6824130,www.casadicuratorina.it,casadicuratorina@katamail.com,05,,1,,,,X,,X,,,2,0,0,0,0,0,0,0,0,1959,01,02,0000,00,00,X,,,,0,20180115
2018,190,206,190543,CASA DI CURA VILLA MARGHERITA,02533080822,082053,"VIA MARCHESE DI VILLABIANCA, 6",90143,091,344640,091,344640,,,05,,1,,,,X,,,,,0,0,0,0,0,0,0,0,0,1981,09,01,0000,00,00,X,,,,0,20180102
2018,190,206,190545,CASA DI CURE COSENTINO DI KAROL S.R.L.,06065240829,082053,CORSO DEI MILLE 56,90123,091,6162016,091,6162016,,Karolstrutturesanitarie@pec.it,05,,1,,,,,,,,,2,0,0,0,0,0,0,0,0,2011,02,01,0000,00,00,X,,,,0,20180226
2018,190,206,190551,CASA DI CURA LA MADDALENA S.P.A.,04413030828,082053,"VIA S. LORENZO COLLI, 312/D",90146,091,6806111,091,6806906,www.lamaddalenanet.it,info@lamaddalenanet.it,05,,1,,,,X,X,X,,,3,0,0,0,0,0,0,0,0,1999,02,02,0000,00,00,X,,,,0,20180227
2018,190,206,190602,CENTRO ANDROS S.R.L.,03730190828,082053,VIA AUSONIA 43/45,90144,091,6785511,091,6785522,www.centroandros.it,info@centro andros.it,05,,1,,,,,,,,,2,0,0,0,0,0,0,0,0,2000,08,07,0000,00,00,X,,,,0,20180228
2018,190,206,190718,CASA DI CURA LATTERI VALSAVA S.R.L.,01275220893,082053,"VIA F. CORDOVA, 62",90143,091,7215111,091,302438,www.casadicuralatteri.it,clinicalatteri@casadicuralatteri.it,05,,1,,,,X,,,,,2,0,0,2,0,0,0,0,0,1989,01,09,0000,00,00,X,,,,0,20180228
2018,190,206,190720,CASA DI CURA VILLA MARIA ELEONORA,03790910826,082053,"VIALE REGIONE SICILIANA,1571",90135,091,6981111,091,6981366,WWW.GVM-VME.IT,GVM-VME@legalmail.IT,05,,1,,,X,X,,,,,4,0,0,0,0,0,0,0,0,1991,10,19,0000,00,00,X,,,,0,20180115
2018,190,207,190338,OSPEDALE ' CIVILE MARIA PATERNO' AREZZO,01426410880,088009,"PIAZZA CADUTI DI NASSARYA,1",97100,0932,600796,0932,600795,,pasquale.granata@asp.rg.it,01,,,,X,X,X,X,X,X,X,7,0,14,1,0,1,0,0,2,2009,09,01,0000,00,00,X,,,,28,20180126
2018,190,207,190339,OSPEDALE REGINA MARGHERITA COMISO,01426410880,088003,via Paolo Borsellino C/da Mastrella,97013,0932,740111,0932,962687,,giovanni.dinatale60@asp.rg.it,01,,,,,,X,,,,,4,0,0,0,0,0,0,0,0,2009,09,01,0000,00,00,X,,,,0,20180126
2018,190,207,190340,OSPEDALE MAGGIORE MODICA,01426410880,088006,via A.Moro,97015,0932,768111,,,,dirsan.modica@asp.rg.it,01,,,,X,X,X,,,X,X,6,0,5,1,0,1,0,0,2,2009,09,01,0000,00,00,X,,,,10,20180126
2018,190,207,190341,OSPEDALE BUSACCA SCICLI,01426410880,088011,Via Ospedale,97018,0932,446111,0932,832716,,dirsan.modica@asp.rg.it,01,,,,,,X,,,X,,0,0,0,1,0,0,0,0,0,2009,09,01,0000,00,00,X,,,,0,20180126
2018,190,207,190342,OSPEDALE GUZZARDI VITTORIA,01426410880,088012,VIA PAPA GIOVANNI XXIII,97019,0932,447163,0932,999266,,giovanni.dinatale60@asp.rg.it,01,,,,X,X,X,,,,X,6,0,4,1,0,1,0,0,0,2009,09,01,0000,00,00,X,,,,10,20180126
2018,190,207,190552,CASA DI CURA CLINICA DEL MEDITERRANEO,01219210885,088009,"VIA ETTORE FIERAMOSCA,100",97100,0932,641001,0932,253701,,d.sanitariamedisan@gmail.com,05,,1,,,,X,,,,,3,0,0,0,0,0,0,0,0,2009,09,01,0000,00,00,X,,,,0,20180130
2018,190,208,190343,P.O. DI MARIA AVOLA,01661590891,089002,C.DA CHIUSA DI CARLO,96012,0931,582111,0931,582278,,,01,,,,X,,X,,X,X,X,2,0,0,0,0,0,0,0,2,2009,09,01,0000,00,00,X,,,,0,20180125
2018,190,208,190344,P.O. TRIGONA NOTO,01661590891,089013,VIA DEI MILLE,96017,0931,890111,0931,890334,,,01,,,,,,X,,,,X,4,0,4,1,0,0,0,0,1,2009,09,01,0000,00,00,X,,,,9,20180125
2018,190,208,190345,P.O. UMBERTO I (EX A.O.),01661590891,089017,Via Testaferrata 1,96100,0931,724111,0931,66132,www.asp.sr.it,direzionegenerale@asp.sr.it,01,,,2,X,X,X,,X,X,X,10,5,21,2,0,0,0,0,1,2009,09,01,0000,00,00,X,,,,35,20180130
2018,190,208,190346,P.O. MUSCATELLO AUGUSTA,01661590891,089001,C.DA GRANATELLO,96011,0931,989111,0931,989018,www.asp.sr.it,ospedalemuscatello@infinito.it,01,,,,X,,X,,X,,X,2,0,0,1,1,0,0,0,1,2009,09,01,0000,00,00,X,,,,0,20180131
2018,190,208,190347,OSPEDALE GENERALE DI ZONA,01661590891,089011,C.DA COLLE ROGGIO - S.P. LENTINI-SCORDIA,96016,095,909111,095,909507,www.asp.sr.it,d.s.lentini@asp.sr.it,01,,,1,X,,X,,X,X,X,5,0,3,1,1,0,0,0,1,2009,09,01,0000,00,00,X,,,,10,20180130
2018,190,208,190348,P.O. A. Rizza,01661590891,089017,Viale Epipoli 74,96100,0931,724502,0931,491723,www.asp.sr.it,direzionegenerale@asp.sr.it,01,,,2,,,X,X,,,,0,0,0,0,0,0,0,0,0,2009,09,01,0000,00,00,X,,,,0,20180130
2018,190,208,190507,CASA DI CURA SANTA LUCIA GLEF,00882610892,089017,VIA LOMBARDIA 1,96100,0931,410111,0931,443650,,carmelo.riscica@glef.it,05,,1,,,,X,,,,,3,0,0,0,0,0,0,0,0,1984,01,01,0000,00,00,X,,,,0,20180201
2018,190,208,190508,CASA DI CURA VILLA MAURITIUS ARC,00984310896,089017,VIA FRANCOFONTE 5,96100,0931,491510,0931,491593,,villamauritius@virgilio.it,05,,1,,,,X,,,,,0,0,0,0,0,0,0,0,0,1981,05,01,0000,00,00,X,,,,0,20180213
2018,190,208,190509,IST.ORT. VILLA SALUS I. GALATIOTO SRL,01552710897,089001,VIA PROVINC. PER BRUCOLI 507/A,96011,0931,990111,0931,512061,www.villasalus.it,cmi@villasalus.it,05,,1,,,,X,,,,,5,22,0,0,0,0,0,0,0,1962,01,01,0000,00,00,X,,,,0,20180129
2018,190,208,190550,C. DI CURA 'VILLA AZZURRA' - GESIN SRL,01851530897,089017,VIA CASSARO S.N.,96100,0931,788111,0931,490017,www.villaazzurra.it,direzionesanitaria@villaazzurra.it,05,,1,,,,X,,,,,2,0,0,0,0,0,0,0,0,1998,06,29,0000,00,00,X,,,,0,20180130
2018,190,208,190701,CLINICA VILLA RIZZO,04335601003,089017,VIA S.AGATI N 3/5/7,96100,0931,708111,0931,441731,www.villarizzo.it,daniela.romano@villarizzo.it,05,,1,,,,X,,,,,3,0,0,0,0,0,0,0,0,2002,07,01,0000,00,00,X,,,,0,20180125
2018,190,209,190349,P.O. SAN VITO E SANTO SPIRITO -ALCAMO,02363280815,081001,VIA FRANCESCO CRISPI 116,91011,0924,599111,0924,599261,www.asptrapani.it,,01,,,1,,,X,,,,X,2,0,0,0,0,0,0,0,2,2009,09,01,0000,00,00,X,,,,0,20180222
2018,190,209,190350,P.O. 'B. NAGAR' - PANTELLERIA,02363280815,081014,PIAZZALE NICOLO` ALMANZA,91017,0923,910234,0923,911337,,,01,,,,,X,X,,,X,X,1,5,2,0,0,1,0,1,0,2009,09,01,0000,00,00,X,,,,4,20180313
2018,190,209,190351,P.O. S. ANTONIO ABATE - TRAPANI,02363280815,081008,"VIA COSENZA, 82",91016,0923,809111,0923,809339,www.asptrapani.it,direzionesanitaria.potrapani@asptrapani.it,01,,,1,X,X,X,,X,X,X,7,5,15,1,0,1,0,0,1,2009,09,01,0000,00,00,X,,,,19,20180305
2018,190,209,190352,P.O. V.EMANUELE II CASTELVETRANO,02363280815,081006,"VIA MARINELLA, 5 C/VETRANO",91022,0924,930230,0924,930326,www.asptrapani.it,direzionesanitariacastelvetrano@asptrapani.it,01,,,1,,X,X,,X,X,X,5,4,0,0,0,0,0,0,2,2009,09,01,0000,00,00,X,,,,5,20180307
2018,190,209,190353,P.O.PAOLO BORSELLINO - MARSALA,02363280815,081011,VIA SALEMI - C/DA CARDILLA,91025,0923,753110,0923,753088,,,01,,,1,X,X,X,,,X,X,6,0,0,0,0,1,0,0,2,2009,09,01,0000,00,00,X,,,,0,20180209
2018,190,209,190354,P.O.ABELE AJELLO-MAZARA D.VALLO,02363280815,081012,VIA SALEMI n°175,91026,0923,657912,0923,657927,,direzione.sanitaria.mazara@asptrapani.it,01,,,1,,X,X,X,,,X,4,0,3,0,0,0,0,0,2,2017,06,28,0000,00,00,X,,,,4,20180306
2018,190,209,190355,P.O. VITTORIO EMANUELE III - SALEMI,02363280815,081018,VIA DANTE ALIGHIERI,91018,0924,990111,0924,64900,,direzione.sanitaria.salemi@asltrapani.it,01,,,,,,X,,,,,2,0,0,0,0,2,0,0,0,2009,09,01,0000,00,00,X,,,,0,20180301
2018,190,209,190501,CASA DI CURA VILLA DEI GERANI,00253750814,081008,"VIA A. MANZONI, 83 CASA SANTA ERICE",91016,0923,557311,0923,554366,www.villadeigerani.tp.it,info@villadeigerani.tp.it,05,,1,,,,X,,X,,,3,0,0,0,0,0,0,0,0,1949,08,07,0000,00,00,X,,,,0,20180206
2018,190,209,190502,CASA DI CURA SANT`ANNA SRL.,01726680811,081008,"VIA SALITA SANT`ANNA, 34 ERICE C.S.",91016,0923,557211,0923,557285,,amministrazione@casadicurasantanna.com,05,,1,,,,,,,,,3,4,5,0,0,0,0,0,0,1995,01,01,0000,00,00,X,,,,20,20180206
2018,190,209,190549,CASA DI CURA MORANA SRL,01466200811,081011,CONTRADA DARA 744/D,91025,0923,745222,0923,968409,,cdcmorana@interfree.it,05,,1,,,,X,,,,,0,0,0,0,0,0,0,0,0,1990,07,16,0000,00,00,X,,,,0,20180206
2018,190,209,190556,CASA DI CURA RIABIL. VITTORIA S.r.l,02627880814,081006,"VIALE DEI TEMPLI, 116",91022,0924,81075,0924,932011,www.casadicura.vanico.it,info@casadicuravittoria.it,05,,1,,,,X,,,,,0,0,0,0,0,0,0,0,0,2018,01,01,0000,00,00,X,X,,,0,20180419
2018,190,921,190921,A.O. per l'Emergenza Cannizzaro,04721280875,087015,via Messina 829,95126,095,7262486,095,7262466,www.aocannizzaro.it,aoc.dirsan@libero.it,00,,,,,,X,X,X,,,0,0,0,0,0,0,0,0,0,2009,09,01,0000,00,00,X,,,,0,20180102
2018,190,922,190922,ARNAS GARIBALDI,04721270876,087015,"PIAZZA SANTA MARIA DI GESU', 5/7",95124,095,7591111,095,337462,www.ao-garibaldi.ct.it,dir.generale@arnasgaribaldi.it,00,,,2,X,X,X,X,X,X,X,24,0,27,2,0,3,0,1,1,2009,09,01,0000,00,00,X,,,,18,20180126
2018,190,923,190923,A.O.U. POLICLINICO - VITTORIO EMANUELE,04721290874,087015,VIA SANTA SOFIA 78,95123,095,3782530,095,3785281,www.policlinicovittorioemanuele.it,g.licciardello@ao-ve.it,02,1,,2,X,X,X,X,X,X,X,40,0,43,2,2,2,1,0,1,2009,09,01,0000,00,00,X,,,,32,20180131
2018,190,924,190924,Azienda Ospedaliera Papardo,03051880833,083048,contrada papardo,98158,090,3992862,090,3996311,www.aopapardo.it,loredanacausini@aopapardo.it,00,,,1,X,X,X,X,X,X,X,16,8,15,1,0,0,0,0,1,2016,10,01,0000,00,00,X,,,,26,20180130
2018,190,925,190925,Azienda Osp. Univ. G. Martino,03051890832,083048,viale gazzi,98124,090,2211,090,2212595,ww.polime.it,dirsanaou@unime.it,02,1,,2,X,X,X,X,X,X,X,20,8,23,2,0,2,0,0,2,2009,09,01,0000,00,00,X,,,,18,20180427
2018,190,926,190926,A.O.R Villa Sofia Cervello,05841780827,082053,"Viale Strasburgo, 233",90146,091,7801111,,,www.ospedaliriunitipalermo.it,segreteriadirezionegenerale@villasofia.it,00,,,2,X,X,X,,X,X,X,18,0,0,0,0,6,1,1,2,2009,09,01,0000,00,00,X,,,,37,20180131
2018,190,927,190927,Azienda Ospedaliera 'Civico-Di Cristina-,05841770828,082053,"Piazza Nicola Leotta, 4",90127,091,6661111,091,6662620,www.arnascivico.it,Direzionegenerale@arnascivico.it,00,,,,X,X,X,X,X,X,X,25,8,13,0,0,6,0,0,0,2009,09,01,0000,00,00,X,,,,32,20180201
2018,190,928,190928,AZ.OSP.UNIV.P.GIACCONE,05841790826,082053,Via del Vespro n. 129,90127,091,6555215,091,6555619,www.policlinico.pa.it,protocollo.aoup@pec.policlinicogiaccone.it,02,1,,2,X,X,X,,X,X,X,21,8,0,0,0,0,0,1,0,2009,09,01,0000,00,00,X,,,,0,20180327
2018,190,929,190929,IRCCS Ismett,04544550827,082053,"Via Ernesto Tricomi, 5",90127,091,2192111,091,2192244,www.ismett.edu,mail@ismett.edu,03,2,,,,X,X,,,,,5,0,0,0,0,0,0,0,0,2009,09,01,0000,00,00,X,,,,0,20180214
2018,190,950,190950,ASSOCIAZIONE OASI MARIA SS,,086018,VIA CONTE RUGGERO 73,94018,0935,936111,0935,936392,www.oasi.en.it,info@oasi.en.it,03,2,,,,,,,,,,0,0,0,0,0,0,0,0,0,1990,01,01,0000,00,00,X,,,,0,20180102
2018,190,960,190960,IRCCS Centro Neurolesi 'Bonino Pulejo',02733700831,083048,SS.113 Via Palermo C / Casazza,98124,090,60128507,090,60128876,http://www.irccsme.it,danilo.ferrara@irccsme.it,03,1,,,,X,X,,,,X,3,0,0,0,0,0,0,0,0,2006,03,14,0000,00,00,X,,,,0,20180409
2018,190,970,190970,Dipartimento Rizzoli-Sicilia,00302030374,082006,SS13 al km 246,90011,091,9297031,091,9297032,http://www.ior.it/rizzoli-sicilia/home,segreteriarizzolisicilia@ior.it,03,1,,,,X,,,,,,2,0,0,0,0,0,0,0,0,2012,04,11,0000,00,00,X,,,,0,20180423
